{"loss": [2.1173737049102783, 2.137756824493408, 1.773148536682129, 1.3361927270889282, 1.083272099494934, 0.972618818283081, 0.8717031478881836], "accuracy": [0.6990814208984375, 0.7702189087867737, 0.8128323554992676, 0.852406919002533, 0.8753367066383362, 0.892050564289093, 0.8979901671409607], "val_loss": [4.013895511627197, 3.6070730686187744, 2.1240651607513428, 1.9577217102050781, 1.7371501922607422, 1.8678457736968994, 1.7336416244506836], "val_accuracy": [0.739778995513916, 0.7417126893997192, 0.8113259673118591, 0.819337010383606, 0.8022099733352661, 0.7889502644538879, 0.8168508410453796]}