{"loss": [0.5753896236419678, 0.3742123544216156, 0.27479010820388794, 0.18605194985866547, 0.1512106955051422, 0.12615136802196503], "accuracy": [0.7736722230911255, 0.8671178817749023, 0.9198148846626282, 0.9577319025993347, 0.9734097719192505, 0.9828717708587646], "val_loss": [0.4734552800655365, 0.7191725969314575, 0.748681366443634, 0.8827264308929443, 1.128023386001587, 1.2539430856704712], "val_accuracy": [0.7762430906295776, 0.7953038811683655, 0.840607762336731, 0.8397790193557739, 0.8295580148696899, 0.8218231797218323]}