{"loss": [0.14566098153591156, 0.07813293486833572, 0.04406333714723587, 0.030070064589381218], "accuracy": [0.8030941486358643, 0.9016506671905518, 0.9503418803215027, 0.9689205288887024], "val_loss": [0.12169784307479858, 0.12772686779499054, 0.13045984506607056, 0.14137156307697296], "val_accuracy": [0.8414364457130432, 0.8339778780937195, 0.8359116315841675, 0.8312154412269592]}