{"loss": [0.46212854981422424, 0.2743801176548004, 0.16782766580581665, 0.09397510439157486], "accuracy": [0.7997789978981018, 0.8921886682510376, 0.9393604397773743, 0.9673320055007935], "val_loss": [0.38719549775123596, 0.41164451837539673, 0.46382224559783936, 0.5747287273406982], "val_accuracy": [0.8464088439941406, 0.8306629657745361, 0.8381215333938599, 0.8331491947174072]}