{"loss": [0.06038814038038254, 0.04517897218465805, 0.03336983174085617, 0.025760618969798088, 0.0207916758954525, 0.01733993925154209, 0.01408679410815239, 0.011501179076731205, 0.009043372236192226], "accuracy": [0.62034672498703, 0.548656702041626, 0.6114372611045837, 0.6676566004753113, 0.7733959555625916, 0.8162165880203247, 0.7912148833274841, 0.7233924865722656, 0.7406588792800903], "val_loss": [0.12326887995004654, 0.12498340755701065, 0.12977075576782227, 0.13553281128406525, 0.13770872354507446, 0.14340275526046753, 0.14307613670825958, 0.14748777449131012, 0.1523282825946808], "val_accuracy": [0.48591160774230957, 0.5016574859619141, 0.5342541337013245, 0.6527624130249023, 0.6845303773880005, 0.7339779138565063, 0.6165745854377747, 0.620718240737915, 0.6129834055900574]}