{"loss": [0.6695814728736877, 0.4508853256702423, 0.3001338243484497, 0.31116238236427307, 0.18921299278736115], "accuracy": [0.7612404227256775, 0.8287864923477173, 0.9084881544113159, 0.9102147817611694, 0.9519304037094116], "val_loss": [0.5344712734222412, 0.576015293598175, 0.7629159092903137, 0.9383554458618164, 1.0737441778182983], "val_accuracy": [0.7488950490951538, 0.7986187934875488, 0.7853591442108154, 0.7903314828872681, 0.7848066091537476]}