{"loss": [0.5310297608375549, 0.39385318756103516, 0.3114413917064667, 0.2759406566619873], "accuracy": [0.7757441997528076, 0.8666344285011292, 0.8777539730072021, 0.8993024230003357], "val_loss": [0.44413289427757263, 0.5215203762054443, 0.503389835357666, 0.677609384059906], "val_accuracy": [0.8204419612884521, 0.8348066210746765, 0.7903314828872681, 0.8265193104743958]}