{"loss": [0.46513134241104126, 0.27463656663894653, 0.15391382575035095, 0.08199214190244675], "accuracy": [0.259272038936615, 0.259272038936615, 0.259272038936615, 0.259272038936615], "val_loss": [0.3962278664112091, 0.3987641930580139, 0.45322322845458984, 0.5565100908279419], "val_accuracy": [0.260221004486084, 0.260221004486084, 0.260221004486084, 0.260221004486084]}