{"loss": [0.2500016987323761, 0.2500000298023224, 0.25, 0.25], "accuracy": [0.49734097719192505, 0.5018302202224731, 0.5021755695343018, 0.4989294707775116], "val_loss": [0.25, 0.25, 0.25, 0.25], "val_accuracy": [0.3936464190483093, 0.2941989004611969, 0.5074585676193237, 0.6980662941932678]}