{"loss": [0.538734495639801, 0.3867799937725067, 0.26995113492012024, 0.2026316374540329], "accuracy": [0.7745700478553772, 0.8703639507293701, 0.935699999332428, 0.9562124609947205], "val_loss": [0.5205532312393188, 0.6966135501861572, 0.9521781206130981, 1.2331610918045044], "val_accuracy": [0.8370165824890137, 0.8364641070365906, 0.8267955780029297, 0.8149171471595764]}