{"loss": [2.6526877880096436, 1.8189854621887207, 1.339637041091919, 1.0984545946121216, 2.0230045318603516, 2.9158496856689453, 2.314840316772461, 2.006720542907715, 1.774314045906067, 1.4163085222244263, 1.7056084871292114, 1.3329800367355347, 1.1175066232681274, 0.9967555403709412, 1.1768758296966553, 0.99118572473526, 0.9321983456611633, 0.8989555835723877, 0.8106371164321899, 1.8710864782333374], "accuracy": [0.675115704536438, 0.7741556763648987, 0.8260929584503174, 0.8590372204780579, 0.8017128109931946, 0.7278817892074585, 0.7889357209205627, 0.8188410997390747, 0.84128737449646, 0.8718143701553345, 0.8384556770324707, 0.8745079040527344, 0.8972304463386536, 0.9075212478637695, 0.8901857733726501, 0.9104219675064087, 0.9177429676055908, 0.9162234663963318, 0.9251329302787781, 0.8346570730209351], "val_loss": [0.6475259065628052, 1.9602582454681396, 1.865230917930603, 1.4489530324935913, 3.185861587524414, 3.447721242904663, 3.0819780826568604, 2.470219850540161, 2.4404633045196533, 3.3149192333221436, 2.899172782897949, 2.438270092010498, 2.512251377105713, 2.3578479290008545, 2.3609819412231445, 2.306152582168579, 2.419402599334717, 2.5965077877044678, 2.5224647521972656, 2.3032920360565186], "val_accuracy": [0.7403314709663391, 0.7477900385856628, 0.8019337058067322, 0.7977900505065918, 0.6524862051010132, 0.7607734799385071, 0.7759668231010437, 0.789779007434845, 0.791436493396759, 0.7668508291244507, 0.7859116196632385, 0.8088397979736328, 0.8110496997833252, 0.8176795840263367, 0.8011049628257751, 0.8127071857452393, 0.8104972243309021, 0.7964088320732117, 0.8052486181259155, 0.6563535928726196]}