{"loss": [2.690800905227661, 1.9711828231811523, 2.693507671356201, 2.624621868133545, 3.146230936050415, 3.2198429107666016, 2.4965600967407227, 1.9091984033584595, 1.8781005144119263, 1.5077518224716187, 1.959729552268982, 2.7615387439727783, 2.366079330444336], "accuracy": [0.687547504901886, 0.7838248610496521, 0.7340976595878601, 0.7374128103256226, 0.7230471968650818, 0.7242903709411621, 0.778852105140686, 0.8225706219673157, 0.8296152949333191, 0.8504731059074402, 0.8240900635719299, 0.7506043314933777, 0.7847917675971985], "val_loss": [3.2294154167175293, 2.6738691329956055, 11.281065940856934, 4.00381326675415, 2.6929075717926025, 3.2399725914001465, 2.774092674255371, 3.774306535720825, 2.7868337631225586, 3.0502195358276367, 4.013895511627197, 3.9843692779541016, 2.566507339477539], "val_accuracy": [0.739778995513916, 0.7455801367759705, 0.260221004486084, 0.739778995513916, 0.7383977770805359, 0.6618784666061401, 0.7875690460205078, 0.7519336938858032, 0.7063536047935486, 0.6693370342254639, 0.739778995513916, 0.74005526304245, 0.7422651648521423]}