{"loss": [2.440741539001465, 2.2531118392944336, 1.613312005996704, 1.207101583480835, 0.9745702743530273, 1.609439730644226, 1.322689414024353, 0.9496666193008423], "accuracy": [0.7014296650886536, 0.7415567636489868, 0.8140755295753479, 0.8549623489379883, 0.8806547522544861, 0.8296152949333191, 0.8566199541091919, 0.8930865526199341], "val_loss": [4.013895511627197, 4.000914573669434, 1.5789427757263184, 1.664003610610962, 1.464296579360962, 2.1160471439361572, 1.8243904113769531, 1.8922746181488037], "val_accuracy": [0.739778995513916, 0.739778995513916, 0.8058010935783386, 0.8110496997833252, 0.8060773611068726, 0.8085635304450989, 0.7889502644538879, 0.8165745735168457]}