{"loss": [0.46263420581817627, 0.27344855666160583, 0.16462846100330353, 0.0904824361205101], "accuracy": [0.7999171018600464, 0.8937081098556519, 0.9412252306938171, 0.9671938419342041], "val_loss": [0.38690105080604553, 0.3905247151851654, 0.4655306041240692, 0.5725969672203064], "val_accuracy": [0.840331494808197, 0.8417127132415771, 0.8243094086647034, 0.8168508410453796]}